<?xml version="1.0" encoding="UTF-8"?>
<project-private xmlns="http://www.netbeans.org/ns/project-private/1">
    <editor-bookmarks xmlns="http://www.netbeans.org/ns/editor-bookmarks/2" lastBookmarkId="0"/>
    <open-files xmlns="http://www.netbeans.org/ns/projectui-open-files/2">
        <group>
            <file>file:/D:/4th%20semester/java/JavaApplication40/src/Informaton_MAnagement_System/InformationClass.java</file>
            <file>file:/D:/4th%20semester/java/JavaApplication40/src/Informaton_MAnagement_System/InformationStoreFrame.java</file>
            <file>file:/D:/4th%20semester/java/JavaApplication40/src/Informaton_MAnagement_System/InformationFrame.java</file>
        </group>
    </open-files>
</project-private>
